<permissions name="Editing">
<permission id="oe.edit" description="Edit Pages" >This is the main edit permission for the web site. Works with the \'canedit\' permission to show pencils</permission>
<permission id="oe.administration.toolbar" description="Admin Toolbar" >Show or hide the main openedit toolbar. If you cannot see the toolbar you can still navigate to the /openedit directory</permission>
<permission id="oe.filemanager" description="File Manager" >Allow this group to get into the File Manager tool /openedit/files/index.html</permission>
<permission id="oe.edit.upload" description="Upload New File" >Allows this group to upload file via the File Manager</permission>
<permission id="oe.edit.links" description="Links and Menus" >Allows visual editing of links.xml for use with menu\'s and building site maps</permission>
<permission id="oe.usermanager" description="Account Manager" >Allows editing of users and groups</permission>
<permission id="oe.edit.editslanguages" description="Languages" >Allows the user to edit the list of languages and translate web pages</permission>
<permission id="oe.edit.approves" description="View Workflow" >Allows the user to view a list of recently edited pages that are awaiting approval</permission>
<permission id="oe.edit.managenotifications" description="Notification" >Show or hide the recent edits page that will email a list the last 50 edits</permission>
<permission id="oe.edit.recentedits" description="Recent Edits" >View the last 50 edits made to a page</permission>
<permission id="oe.edit.layouts" description="Change Layout" >Use a tool to change the main layout of your web site</permission>
<permission id="oe.edit.update" description="Update Site" >Use a tool to list all the versions of your web site components and upgrade them</permission>
<permission id="oe.edit.editor.advanced" description="Advanced Editor" >Enable users to use the full toolbar of editing such as color and HTML forms</permission>
<permission id="oe.edit.settings.advanced" description="Advanced Settings" >Enable users to visually change the layout and properties on any xconf configuration file</permission>
<permission id="oe.edit.notify" description="Notify of Edits" >This group will be notified once a day with a list of pages that were edited</permission>
<permission id="oe.error.notify" description="Notify of Errors" >This group will be notifed via email when there is any error on the web site</permission>
<permission id="oe.edit.approve.level1" description="Draft Stage" >Allows this group to approve drafts</permission>
<permission id="oe.edit.approve.level2" description="Ready Stage" >Allows this group to approve to a second level of readyness</permission>
<permission id="oe.edit.approve.level3" description="Final Stage" >Allows this group to approve for public use any page that was edited</permission>
<permission id="oe.filemanager.editall" description="Edit All Files" >This is a super user mode and allows this group to edit any page regardless of other permissions</permission>
<permission id="oe.edit.directedits" description="Direct Edits" >This group can bypass the draft and approve stages of editing</permission>
<permission id="oe.administration" description="Admin" >Legacy admin permission</permission>
</permissions>